freq (Hz),leafValue( getData("out" ?result "noise") "Q0.m" 1 ) (A / sqrt(Hz)),leafValue( getData("out" ?result "noise") "Q0.m" 2 ) (A / sqrt(Hz)),leafValue( getData("out" ?result "noise") "Q0.m" 4 ) (A / sqrt(Hz)),leafValue( getData("out" ?result "noise") "Q0.m" 8 ) (A / sqrt(Hz)),leafValue( getData("out" ?result "noise") "Q0.m" 16 ) (A / sqrt(Hz)),leafValue( getData("out" ?result "noise") "Q0.m" 32 ) (A / sqrt(Hz)),leafValue( getData("out" ?result "noise") "Q0.m" 64 ) (A / sqrt(Hz))
1.00000,544.077E-12,767.212E-12,1.07875E-9,1.50815E-9,2.08502E-9,2.82107E-9,3.66659E-9
1.02329,537.251E-12,757.586E-12,1.06521E-9,1.48923E-9,2.05887E-9,2.78569E-9,3.62062E-9
1.04713,530.511E-12,748.082E-12,1.05185E-9,1.47055E-9,2.03304E-9,2.75076E-9,3.57523E-9
1.07152,523.856E-12,738.698E-12,1.03865E-9,1.45210E-9,2.00754E-9,2.71626E-9,3.53042E-9
1.09648,517.285E-12,729.433E-12,1.02563E-9,1.43389E-9,1.98237E-9,2.68221E-9,3.48617E-9
1.12202,510.797E-12,720.284E-12,1.01276E-9,1.41591E-9,1.95751E-9,2.64858E-9,3.44248E-9
1.14815,504.391E-12,711.251E-12,1.00006E-9,1.39815E-9,1.93296E-9,2.61538E-9,3.39935E-9
1.17490,498.066E-12,702.332E-12,987.522E-12,1.38062E-9,1.90873E-9,2.58259E-9,3.35676E-9
1.20226,491.821E-12,693.525E-12,975.140E-12,1.36331E-9,1.88480E-9,2.55022E-9,3.31470E-9
1.23027,485.654E-12,684.830E-12,962.915E-12,1.34622E-9,1.86117E-9,2.51826E-9,3.27318E-9
1.25893,479.566E-12,676.245E-12,950.843E-12,1.32934E-9,1.83785E-9,2.48671E-9,3.23219E-9
1.28825,473.554E-12,667.768E-12,938.925E-12,1.31268E-9,1.81481E-9,2.45555E-9,3.19171E-9
1.31826,467.619E-12,659.398E-12,927.157E-12,1.29623E-9,1.79207E-9,2.42479E-9,3.15174E-9
1.34896,461.758E-12,651.134E-12,915.537E-12,1.27999E-9,1.76962E-9,2.39441E-9,3.11228E-9
1.38038,455.972E-12,642.975E-12,904.065E-12,1.26395E-9,1.74745E-9,2.36442E-9,3.07332E-9
1.41254,450.258E-12,634.918E-12,892.737E-12,1.24811E-9,1.72556E-9,2.33481E-9,3.03485E-9
1.44544,444.617E-12,626.964E-12,881.553E-12,1.23248E-9,1.70394E-9,2.30557E-9,2.99687E-9
1.47911,439.047E-12,619.109E-12,870.510E-12,1.21704E-9,1.68260E-9,2.27670E-9,2.95937E-9
1.51356,433.548E-12,611.355E-12,859.606E-12,1.20180E-9,1.66153E-9,2.24820E-9,2.92234E-9
1.54882,428.118E-12,603.698E-12,848.841E-12,1.18675E-9,1.64073E-9,2.22006E-9,2.88578E-9
1.58489,422.756E-12,596.138E-12,838.211E-12,1.17189E-9,1.62018E-9,2.19227E-9,2.84969E-9
1.62181,417.463E-12,588.674E-12,827.716E-12,1.15722E-9,1.59990E-9,2.16484E-9,2.81405E-9
1.65959,412.236E-12,581.304E-12,817.354E-12,1.14273E-9,1.57988E-9,2.13775E-9,2.77886E-9
1.69824,407.076E-12,574.027E-12,807.123E-12,1.12843E-9,1.56011E-9,2.11101E-9,2.74412E-9
1.73780,401.981E-12,566.842E-12,797.021E-12,1.11430E-9,1.54059E-9,2.08460E-9,2.70982E-9
1.77828,396.950E-12,559.749E-12,787.048E-12,1.10036E-9,1.52131E-9,2.05853E-9,2.67595E-9
1.81970,391.983E-12,552.745E-12,777.200E-12,1.08659E-9,1.50228E-9,2.03279E-9,2.64252E-9
1.86209,387.079E-12,545.829E-12,767.477E-12,1.07300E-9,1.48349E-9,2.00738E-9,2.60950E-9
1.90546,382.237E-12,539.002E-12,757.877E-12,1.05958E-9,1.46494E-9,1.98228E-9,2.57691E-9
1.94984,377.456E-12,532.260E-12,748.399E-12,1.04633E-9,1.44663E-9,1.95751E-9,2.54473E-9
1.99526,372.736E-12,525.605E-12,739.040E-12,1.03325E-9,1.42854E-9,1.93305E-9,2.51295E-9
2.04174,368.076E-12,519.033E-12,729.801E-12,1.02033E-9,1.41069E-9,1.90890E-9,2.48158E-9
2.08930,363.474E-12,512.544E-12,720.678E-12,1.00758E-9,1.39306E-9,1.88505E-9,2.45061E-9
2.13796,358.931E-12,506.138E-12,711.671E-12,994.987E-12,1.37565E-9,1.86151E-9,2.42003E-9
2.18776,354.445E-12,499.813E-12,702.778E-12,982.555E-12,1.35847E-9,1.83826E-9,2.38984E-9
2.23872,350.017E-12,493.568E-12,693.997E-12,970.281E-12,1.34150E-9,1.81532E-9,2.36003E-9
2.29087,345.644E-12,487.403E-12,685.328E-12,958.162E-12,1.32475E-9,1.79266E-9,2.33060E-9
2.34423,341.327E-12,481.315E-12,676.769E-12,946.197E-12,1.30821E-9,1.77029E-9,2.30154E-9
2.39883,337.065E-12,475.305E-12,668.319E-12,934.383E-12,1.29188E-9,1.74820E-9,2.27286E-9
2.45471,332.856E-12,469.371E-12,659.975E-12,922.720E-12,1.27576E-9,1.72639E-9,2.24454E-9
2.51189,328.701E-12,463.512E-12,651.738E-12,911.204E-12,1.25984E-9,1.70486E-9,2.21657E-9
2.57040,324.599E-12,457.727E-12,643.605E-12,899.834E-12,1.24413E-9,1.68361E-9,2.18897E-9
2.63027,320.549E-12,452.016E-12,635.575E-12,888.609E-12,1.22861E-9,1.66262E-9,2.16171E-9
2.69153,316.550E-12,446.378E-12,627.647E-12,877.527E-12,1.21329E-9,1.64190E-9,2.13480E-9
2.75423,312.602E-12,440.810E-12,619.820E-12,866.585E-12,1.19817E-9,1.62145E-9,2.10823E-9
2.81838,308.704E-12,435.314E-12,612.092E-12,855.782E-12,1.18323E-9,1.60125E-9,2.08201E-9
2.88403,304.856E-12,429.888E-12,604.462E-12,845.116E-12,1.16849E-9,1.58131E-9,2.05611E-9
2.95121,301.056E-12,424.530E-12,596.930E-12,834.586E-12,1.15394E-9,1.56162E-9,2.03055E-9
3.01995,297.305E-12,419.241E-12,589.493E-12,824.189E-12,1.13957E-9,1.54219E-9,2.00531E-9
3.09030,293.602E-12,414.018E-12,582.150E-12,813.925E-12,1.12538E-9,1.52300E-9,1.98039E-9
3.16228,289.945E-12,408.862E-12,574.901E-12,803.791E-12,1.11137E-9,1.50406E-9,1.95579E-9
3.23594,286.335E-12,403.772E-12,567.744E-12,793.787E-12,1.09754E-9,1.48535E-9,1.93150E-9
3.31131,282.771E-12,398.747E-12,560.678E-12,783.909E-12,1.08389E-9,1.46689E-9,1.90752E-9
3.38844,279.253E-12,393.785E-12,553.702E-12,774.157E-12,1.07041E-9,1.44866E-9,1.88385E-9
3.46737,275.779E-12,388.886E-12,546.815E-12,764.530E-12,1.05710E-9,1.43066E-9,1.86048E-9
3.54813,272.349E-12,384.050E-12,540.016E-12,755.025E-12,1.04397E-9,1.41290E-9,1.83741E-9
3.63078,268.963E-12,379.276E-12,533.303E-12,745.641E-12,1.03100E-9,1.39535E-9,1.81464E-9
3.71535,265.620E-12,374.562E-12,526.675E-12,736.377E-12,1.01819E-9,1.37804E-9,1.79215E-9
3.80189,262.320E-12,369.908E-12,520.132E-12,727.230E-12,1.00555E-9,1.36094E-9,1.76995E-9
3.89045,259.062E-12,365.314E-12,513.673E-12,718.201E-12,993.068E-12,1.34406E-9,1.74804E-9
3.98107,255.845E-12,360.778E-12,507.296E-12,709.286E-12,980.747E-12,1.32740E-9,1.72641E-9
4.07380,252.669E-12,356.301E-12,501.000E-12,700.485E-12,968.583E-12,1.31095E-9,1.70505E-9
4.16869,249.534E-12,351.880E-12,494.785E-12,691.797E-12,956.574E-12,1.29471E-9,1.68396E-9
4.26580,246.439E-12,347.515E-12,488.649E-12,683.219E-12,944.719E-12,1.27868E-9,1.66315E-9
4.36516,243.384E-12,343.207E-12,482.591E-12,674.751E-12,933.015E-12,1.26285E-9,1.64260E-9
4.46684,240.367E-12,338.953E-12,476.610E-12,666.392E-12,921.461E-12,1.24723E-9,1.62232E-9
4.57088,237.389E-12,334.754E-12,470.707E-12,658.139E-12,910.054E-12,1.23180E-9,1.60230E-9
4.67735,234.449E-12,330.609E-12,464.878E-12,649.991E-12,898.794E-12,1.21658E-9,1.58253E-9
4.78630,231.547E-12,326.516E-12,459.124E-12,641.948E-12,887.677E-12,1.20155E-9,1.56302E-9
4.89779,228.681E-12,322.476E-12,453.444E-12,634.008E-12,876.703E-12,1.18671E-9,1.54376E-9
5.01187,225.853E-12,318.487E-12,447.836E-12,626.169E-12,865.870E-12,1.17206E-9,1.52474E-9
5.12861,223.060E-12,314.550E-12,442.300E-12,618.431E-12,855.175E-12,1.15760E-9,1.50597E-9
5.24807,220.304E-12,310.663E-12,436.836E-12,610.792E-12,844.617E-12,1.14332E-9,1.48744E-9
5.37032,217.583E-12,306.826E-12,431.441E-12,603.251E-12,834.195E-12,1.12923E-9,1.46915E-9
5.49541,214.896E-12,303.038E-12,426.115E-12,595.807E-12,823.907E-12,1.11532E-9,1.45110E-9
5.62341,212.244E-12,299.298E-12,420.858E-12,588.458E-12,813.750E-12,1.10159E-9,1.43327E-9
5.75440,209.626E-12,295.607E-12,415.668E-12,581.203E-12,803.725E-12,1.08803E-9,1.41568E-9
5.88844,207.042E-12,291.963E-12,410.545E-12,574.042E-12,793.827E-12,1.07465E-9,1.39831E-9
6.02560,204.491E-12,288.366E-12,405.487E-12,566.973E-12,784.058E-12,1.06144E-9,1.38117E-9
6.16595,201.973E-12,284.815E-12,400.495E-12,559.994E-12,774.414E-12,1.04840E-9,1.36425E-9
6.30957,199.487E-12,281.310E-12,395.566E-12,553.106E-12,764.894E-12,1.03553E-9,1.34755E-9
6.45654,197.033E-12,277.849E-12,390.702E-12,546.306E-12,755.496E-12,1.02283E-9,1.33107E-9
6.60693,194.610E-12,274.434E-12,385.899E-12,539.593E-12,746.220E-12,1.01029E-9,1.31479E-9
6.76083,192.219E-12,271.062E-12,381.159E-12,532.967E-12,737.063E-12,997.906E-12,1.29873E-9
6.91831,189.859E-12,267.734E-12,376.480E-12,526.427E-12,728.025E-12,985.687E-12,1.28288E-9
7.07946,187.529E-12,264.448E-12,371.861E-12,519.971E-12,719.103E-12,973.626E-12,1.26723E-9
7.24436,185.229E-12,261.205E-12,367.302E-12,513.598E-12,710.296E-12,961.721E-12,1.25178E-9
7.41310,182.959E-12,258.004E-12,362.801E-12,507.307E-12,701.604E-12,949.971E-12,1.23654E-9
7.58578,180.718E-12,254.845E-12,358.359E-12,501.098E-12,693.023E-12,938.372E-12,1.22149E-9
7.76247,178.506E-12,251.726E-12,353.974E-12,494.969E-12,684.554E-12,926.924E-12,1.20664E-9
7.94328,176.323E-12,248.647E-12,349.646E-12,488.920E-12,676.194E-12,915.624E-12,1.19199E-9
8.12831,174.167E-12,245.608E-12,345.374E-12,482.949E-12,667.943E-12,904.471E-12,1.17752E-9
8.31764,172.040E-12,242.609E-12,341.157E-12,477.055E-12,659.799E-12,893.463E-12,1.16324E-9
8.51138,169.941E-12,239.649E-12,336.995E-12,471.237E-12,651.761E-12,882.597E-12,1.14915E-9
8.70964,167.868E-12,236.727E-12,332.887E-12,465.496E-12,643.826E-12,871.874E-12,1.13524E-9
8.91251,165.823E-12,233.842E-12,328.832E-12,459.828E-12,635.996E-12,861.290E-12,1.12152E-9
9.12011,163.804E-12,230.996E-12,324.830E-12,454.235E-12,628.267E-12,850.844E-12,1.10797E-9
9.33254,161.811E-12,228.186E-12,320.880E-12,448.714E-12,620.638E-12,840.534E-12,1.09460E-9
9.54993,159.845E-12,225.413E-12,316.982E-12,443.265E-12,613.109E-12,830.359E-12,1.08141E-9
9.77237,157.904E-12,222.676E-12,313.134E-12,437.887E-12,605.678E-12,820.317E-12,1.06839E-9
10.0000,155.988E-12,219.975E-12,309.336E-12,432.579E-12,598.345E-12,810.406E-12,1.05554E-9
10.2329,154.097E-12,217.309E-12,305.588E-12,427.341E-12,591.107E-12,800.625E-12,1.04286E-9
10.4713,152.231E-12,214.677E-12,301.889E-12,422.170E-12,583.964E-12,790.972E-12,1.03035E-9
10.7152,150.389E-12,212.080E-12,298.238E-12,417.068E-12,576.914E-12,781.446E-12,1.01800E-9
10.9648,148.571E-12,209.517E-12,294.635E-12,412.032E-12,569.956E-12,772.045E-12,1.00581E-9
11.2202,146.777E-12,206.988E-12,291.079E-12,407.062E-12,563.090E-12,762.767E-12,993.788E-12
11.4815,145.007E-12,204.492E-12,287.570E-12,402.158E-12,556.314E-12,753.612E-12,981.922E-12
11.7490,143.260E-12,202.028E-12,284.106E-12,397.318E-12,549.627E-12,744.577E-12,970.213E-12
12.0226,141.536E-12,199.597E-12,280.689E-12,392.541E-12,543.028E-12,735.661E-12,958.660E-12
12.3027,139.834E-12,197.198E-12,277.316E-12,387.827E-12,536.516E-12,726.863E-12,947.259E-12
12.5893,138.155E-12,194.830E-12,273.987E-12,383.176E-12,530.090E-12,718.181E-12,936.011E-12
12.8825,136.498E-12,192.494E-12,270.703E-12,378.585E-12,523.748E-12,709.614E-12,924.912E-12
13.1826,134.862E-12,190.188E-12,267.461E-12,374.055E-12,517.491E-12,701.161E-12,913.960E-12
13.4896,133.249E-12,187.913E-12,264.263E-12,369.585E-12,511.316E-12,692.820E-12,903.155E-12
13.8038,131.656E-12,185.667E-12,261.106E-12,365.174E-12,505.223E-12,684.589E-12,892.494E-12
14.1254,130.085E-12,183.452E-12,257.992E-12,360.822E-12,499.211E-12,676.468E-12,881.976E-12
14.4544,128.534E-12,181.266E-12,254.919E-12,356.527E-12,493.278E-12,668.455E-12,871.598E-12
14.7911,127.005E-12,179.109E-12,251.886E-12,352.290E-12,487.424E-12,660.549E-12,861.360E-12
15.1356,125.495E-12,176.980E-12,248.894E-12,348.108E-12,481.649E-12,652.749E-12,851.259E-12
15.4882,124.005E-12,174.880E-12,245.942E-12,343.982E-12,475.950E-12,645.052E-12,841.294E-12
15.8489,122.536E-12,172.808E-12,243.029E-12,339.912E-12,470.327E-12,637.459E-12,831.463E-12
16.2181,121.085E-12,170.763E-12,240.154E-12,335.895E-12,464.780E-12,629.968E-12,821.765E-12
16.5959,119.655E-12,168.745E-12,237.318E-12,331.932E-12,459.307E-12,622.577E-12,812.198E-12
16.9824,118.243E-12,166.755E-12,234.520E-12,328.022E-12,453.907E-12,615.285E-12,802.761E-12
17.3780,116.850E-12,164.791E-12,231.760E-12,324.165E-12,448.579E-12,608.092E-12,793.451E-12
17.7828,115.476E-12,162.854E-12,229.036E-12,320.359E-12,443.323E-12,600.996E-12,784.268E-12
18.1970,114.120E-12,160.942E-12,226.350E-12,316.605E-12,438.138E-12,593.995E-12,775.210E-12
18.6209,112.783E-12,159.057E-12,223.699E-12,312.901E-12,433.023E-12,587.090E-12,766.276E-12
19.0546,111.463E-12,157.196E-12,221.084E-12,309.247E-12,427.977E-12,580.277E-12,757.463E-12
19.4984,110.161E-12,155.361E-12,218.504E-12,305.642E-12,422.999E-12,573.558E-12,748.771E-12
19.9526,108.877E-12,153.550E-12,215.959E-12,302.086E-12,418.088E-12,566.930E-12,740.198E-12
20.4174,107.611E-12,151.764E-12,213.448E-12,298.578E-12,413.245E-12,560.392E-12,731.743E-12
20.8930,106.361E-12,150.002E-12,210.972E-12,295.118E-12,408.467E-12,553.943E-12,723.404E-12
21.3796,105.128E-12,148.264E-12,208.529E-12,291.705E-12,403.754E-12,547.582E-12,715.180E-12
21.8776,103.912E-12,146.550E-12,206.119E-12,288.338E-12,399.105E-12,541.309E-12,707.069E-12
22.3872,102.713E-12,144.859E-12,203.742E-12,285.017E-12,394.520E-12,535.122E-12,699.071E-12
22.9087,101.530E-12,143.191E-12,201.398E-12,281.742E-12,389.998E-12,529.019E-12,691.184E-12
23.4423,100.363E-12,141.546E-12,199.086E-12,278.511E-12,385.538E-12,523.001E-12,683.406E-12
23.9883,99.2122E-12,139.924E-12,196.805E-12,275.325E-12,381.139E-12,517.066E-12,675.737E-12
24.5471,98.0771E-12,138.323E-12,194.556E-12,272.182E-12,376.800E-12,511.213E-12,668.175E-12
25.1189,96.9576E-12,136.745E-12,192.337E-12,269.083E-12,372.522E-12,505.441E-12,660.719E-12
25.7040,95.8536E-12,135.188E-12,190.149E-12,266.027E-12,368.302E-12,499.750E-12,653.367E-12
26.3027,94.7647E-12,133.653E-12,187.992E-12,263.012E-12,364.142E-12,494.137E-12,646.118E-12
26.9153,93.6909E-12,132.139E-12,185.864E-12,260.040E-12,360.038E-12,488.603E-12,638.972E-12
27.5423,92.6320E-12,130.646E-12,183.765E-12,257.109E-12,355.992E-12,483.146E-12,631.926E-12
28.1838,91.5877E-12,129.174E-12,181.696E-12,254.218E-12,352.003E-12,477.766E-12,624.981E-12
28.8403,90.5580E-12,127.722E-12,179.656E-12,251.368E-12,348.069E-12,472.461E-12,618.134E-12
29.5121,89.5427E-12,126.291E-12,177.644E-12,248.558E-12,344.190E-12,467.231E-12,611.384E-12
30.1995,88.5415E-12,124.880E-12,175.660E-12,245.786E-12,340.366E-12,462.075E-12,604.731E-12
30.9030,87.5543E-12,123.488E-12,173.704E-12,243.054E-12,336.595E-12,456.992E-12,598.172E-12
31.6228,86.5810E-12,122.116E-12,171.776E-12,240.361E-12,332.878E-12,451.981E-12,591.708E-12
32.3594,85.6214E-12,120.763E-12,169.875E-12,237.705E-12,329.213E-12,447.041E-12,585.337E-12
33.1131,84.6753E-12,119.429E-12,168.000E-12,235.087E-12,325.601E-12,442.171E-12,579.058E-12
33.8844,83.7426E-12,118.114E-12,166.152E-12,232.506E-12,322.039E-12,437.371E-12,572.869E-12
34.6737,82.8231E-12,116.818E-12,164.330E-12,229.961E-12,318.528E-12,432.640E-12,566.770E-12
35.4813,81.9167E-12,115.540E-12,162.534E-12,227.453E-12,315.068E-12,427.977E-12,560.760E-12
36.3078,81.0232E-12,114.280E-12,160.764E-12,224.981E-12,311.657E-12,423.381E-12,554.837E-12
37.1535,80.1424E-12,113.039E-12,159.019E-12,222.544E-12,308.295E-12,418.852E-12,549.001E-12
38.0189,79.2743E-12,111.815E-12,157.299E-12,220.142E-12,304.981E-12,414.388E-12,543.251E-12
38.9045,78.4186E-12,110.608E-12,155.604E-12,217.774E-12,301.715E-12,409.989E-12,537.585E-12
39.8107,77.5752E-12,109.420E-12,153.933E-12,215.441E-12,298.497E-12,405.654E-12,532.003E-12
40.7380,76.7440E-12,108.248E-12,152.287E-12,213.142E-12,295.325E-12,401.382E-12,526.504E-12
41.6869,75.9248E-12,107.093E-12,150.664E-12,210.875E-12,292.199E-12,397.173E-12,521.086E-12
42.6580,75.1175E-12,105.955E-12,149.065E-12,208.642E-12,289.119E-12,393.026E-12,515.749E-12
43.6516,74.3219E-12,104.833E-12,147.489E-12,206.442E-12,286.084E-12,388.940E-12,510.491E-12
44.6684,73.5380E-12,103.728E-12,145.936E-12,204.273E-12,283.094E-12,384.914E-12,505.313E-12
45.7088,72.7655E-12,102.639E-12,144.406E-12,202.137E-12,280.148E-12,380.948E-12,500.212E-12
46.7735,72.0044E-12,101.566E-12,142.898E-12,200.032E-12,277.245E-12,377.041E-12,495.188E-12
47.8630,71.2545E-12,100.509E-12,141.413E-12,197.958E-12,274.386E-12,373.193E-12,490.241E-12
48.9779,70.5156E-12,99.4678E-12,139.949E-12,195.915E-12,271.569E-12,369.402E-12,485.369E-12
50.1187,69.7877E-12,98.4417E-12,138.508E-12,193.902E-12,268.793E-12,365.668E-12,480.570E-12
51.2861,69.0707E-12,97.4309E-12,137.087E-12,191.919E-12,266.060E-12,361.991E-12,475.846E-12
52.4807,68.3643E-12,96.4352E-12,135.688E-12,189.966E-12,263.367E-12,358.369E-12,471.194E-12
53.7032,67.6685E-12,95.4544E-12,134.310E-12,188.042E-12,260.715E-12,354.802E-12,466.613E-12
54.9541,66.9831E-12,94.4883E-12,132.953E-12,186.147E-12,258.104E-12,351.289E-12,462.104E-12
56.2341,66.3081E-12,93.5368E-12,131.616E-12,184.281E-12,255.531E-12,347.830E-12,457.664E-12
57.5440,65.6432E-12,92.5996E-12,130.299E-12,182.443E-12,252.998E-12,344.424E-12,453.294E-12
58.8844,64.9884E-12,91.6767E-12,129.003E-12,180.633E-12,250.504E-12,341.071E-12,448.992E-12
60.2560,64.3436E-12,90.7678E-12,127.726E-12,178.851E-12,248.048E-12,337.769E-12,444.757E-12
61.6595,63.7087E-12,89.8728E-12,126.468E-12,177.096E-12,245.630E-12,334.519E-12,440.589E-12
63.0957,63.0834E-12,88.9915E-12,125.230E-12,175.368E-12,243.249E-12,331.319E-12,436.488E-12
64.5654,62.4678E-12,88.1238E-12,124.011E-12,173.666E-12,240.904E-12,328.170E-12,432.451E-12
66.0693,61.8617E-12,87.2695E-12,122.811E-12,171.991E-12,238.597E-12,325.069E-12,428.479E-12
67.6083,61.2650E-12,86.4284E-12,121.629E-12,170.342E-12,236.325E-12,322.018E-12,424.570E-12
69.1831,60.6775E-12,85.6004E-12,120.466E-12,168.719E-12,234.089E-12,319.014E-12,420.724E-12
70.7946,60.0992E-12,84.7853E-12,119.321E-12,167.121E-12,231.888E-12,316.058E-12,416.940E-12
72.4436,59.5300E-12,83.9829E-12,118.194E-12,165.548E-12,229.722E-12,313.150E-12,413.217E-12
74.1310,58.9697E-12,83.1932E-12,117.085E-12,164.000E-12,227.590E-12,310.288E-12,409.555E-12
75.8578,58.4182E-12,82.4160E-12,115.993E-12,162.477E-12,225.492E-12,307.471E-12,405.953E-12
77.6247,57.8755E-12,81.6511E-12,114.919E-12,160.978E-12,223.428E-12,304.700E-12,402.409E-12
79.4328,57.3414E-12,80.8983E-12,113.861E-12,159.503E-12,221.397E-12,301.974E-12,398.924E-12
81.2831,56.8158E-12,80.1576E-12,112.821E-12,158.051E-12,219.398E-12,299.293E-12,395.497E-12
83.1764,56.2987E-12,79.4287E-12,111.797E-12,156.623E-12,217.432E-12,296.655E-12,392.126E-12
85.1138,55.7899E-12,78.7116E-12,110.790E-12,155.217E-12,215.497E-12,294.060E-12,388.812E-12
87.0964,55.2892E-12,78.0061E-12,109.799E-12,153.835E-12,213.594E-12,291.508E-12,385.553E-12
89.1251,54.7967E-12,77.3120E-12,108.824E-12,152.475E-12,211.723E-12,288.998E-12,382.349E-12
91.2011,54.3123E-12,76.6292E-12,107.865E-12,151.137E-12,209.882E-12,286.529E-12,379.199E-12
93.3254,53.8357E-12,75.9576E-12,106.922E-12,149.822E-12,208.071E-12,284.102E-12,376.102E-12
95.4993,53.3670E-12,75.2970E-12,105.994E-12,148.528E-12,206.290E-12,281.715E-12,373.058E-12
97.7237,52.9060E-12,74.6473E-12,105.082E-12,147.255E-12,204.539E-12,279.368E-12,370.066E-12
100.000,52.4526E-12,74.0083E-12,104.184E-12,146.004E-12,202.818E-12,277.061E-12,367.125E-12
102.329,52.0067E-12,73.3800E-12,103.302E-12,144.773E-12,201.125E-12,274.793E-12,364.236E-12
104.713,51.5683E-12,72.7622E-12,102.434E-12,143.563E-12,199.460E-12,272.563E-12,361.396E-12
107.152,51.1373E-12,72.1547E-12,101.581E-12,142.374E-12,197.824E-12,270.372E-12,358.605E-12
109.648,50.7134E-12,71.5575E-12,100.743E-12,141.204E-12,196.215E-12,268.218E-12,355.863E-12
112.202,50.2968E-12,70.9704E-12,99.9180E-12,140.054E-12,194.634E-12,266.101E-12,353.170E-12
114.815,49.8872E-12,70.3932E-12,99.1076E-12,138.924E-12,193.080E-12,264.021E-12,350.523E-12
117.490,49.4846E-12,69.8259E-12,98.3110E-12,137.814E-12,191.553E-12,261.977E-12,347.924E-12
120.226,49.0889E-12,69.2683E-12,97.5280E-12,136.722E-12,190.052E-12,259.968E-12,345.371E-12
123.027,48.7000E-12,68.7202E-12,96.7585E-12,135.649E-12,188.577E-12,257.995E-12,342.863E-12
125.893,48.3178E-12,68.1817E-12,96.0024E-12,134.595E-12,187.128E-12,256.056E-12,340.400E-12
128.825,47.9423E-12,67.6525E-12,95.2593E-12,133.559E-12,185.704E-12,254.152E-12,337.982E-12
131.826,47.5732E-12,67.1325E-12,94.5293E-12,132.542E-12,184.306E-12,252.282E-12,335.607E-12
134.896,47.2106E-12,66.6216E-12,93.8120E-12,131.542E-12,182.932E-12,250.444E-12,333.275E-12
138.038,46.8544E-12,66.1197E-12,93.1073E-12,130.560E-12,181.582E-12,248.640E-12,330.986E-12
141.254,46.5045E-12,65.6266E-12,92.4151E-12,129.595E-12,180.256E-12,246.868E-12,328.739E-12
144.544,46.1608E-12,65.1423E-12,91.7352E-12,128.647E-12,178.954E-12,245.128E-12,326.533E-12
147.911,45.8232E-12,64.6666E-12,91.0674E-12,127.716E-12,177.675E-12,243.420E-12,324.368E-12
151.356,45.4916E-12,64.1994E-12,90.4115E-12,126.802E-12,176.420E-12,241.743E-12,322.242E-12
154.882,45.1659E-12,63.7406E-12,89.7674E-12,125.905E-12,175.187E-12,240.096E-12,320.157E-12
158.489,44.8462E-12,63.2900E-12,89.1350E-12,125.024E-12,173.977E-12,238.480E-12,318.110E-12
162.181,44.5322E-12,62.8476E-12,88.5140E-12,124.158E-12,172.788E-12,236.893E-12,316.102E-12
165.959,44.2239E-12,62.4133E-12,87.9043E-12,123.309E-12,171.622E-12,235.336E-12,314.132E-12
169.824,43.9213E-12,61.9869E-12,87.3058E-12,122.475E-12,170.477E-12,233.808E-12,312.199E-12
173.780,43.6242E-12,61.5683E-12,86.7183E-12,121.656E-12,169.353E-12,232.308E-12,310.303E-12
177.828,43.3326E-12,61.1575E-12,86.1416E-12,120.853E-12,168.250E-12,230.837E-12,308.443E-12
181.970,43.0463E-12,60.7542E-12,85.5756E-12,120.064E-12,167.168E-12,229.393E-12,306.619E-12
186.209,42.7654E-12,60.3584E-12,85.0201E-12,119.291E-12,166.106E-12,227.976E-12,304.830E-12
190.546,42.4897E-12,59.9700E-12,84.4750E-12,118.531E-12,165.063E-12,226.587E-12,303.075E-12
194.984,42.2192E-12,59.5889E-12,83.9401E-12,117.786E-12,164.041E-12,225.224E-12,301.354E-12
199.526,41.9537E-12,59.2150E-12,83.4153E-12,117.055E-12,163.038E-12,223.886E-12,299.667E-12
204.174,41.6933E-12,58.8481E-12,82.9005E-12,116.338E-12,162.054E-12,222.575E-12,298.013E-12
208.930,41.4378E-12,58.4882E-12,82.3954E-12,115.635E-12,161.089E-12,221.289E-12,296.392E-12
213.796,41.1872E-12,58.1351E-12,81.8999E-12,114.945E-12,160.142E-12,220.028E-12,294.802E-12
218.776,40.9414E-12,57.7888E-12,81.4139E-12,114.268E-12,159.214E-12,218.792E-12,293.244E-12
223.872,40.7003E-12,57.4491E-12,80.9373E-12,113.604E-12,158.304E-12,217.579E-12,291.717E-12
229.087,40.4638E-12,57.1160E-12,80.4699E-12,112.953E-12,157.411E-12,216.391E-12,290.220E-12
234.423,40.2319E-12,56.7894E-12,80.0115E-12,112.315E-12,156.536E-12,215.225E-12,288.753E-12
239.883,40.0045E-12,56.4690E-12,79.5621E-12,111.689E-12,155.678E-12,214.083E-12,287.316E-12
245.471,39.7816E-12,56.1550E-12,79.1214E-12,111.076E-12,154.837E-12,212.964E-12,285.908E-12
251.189,39.5630E-12,55.8471E-12,78.6894E-12,110.475E-12,154.012E-12,211.867E-12,284.528E-12
257.040,39.3487E-12,55.5452E-12,78.2659E-12,109.885E-12,153.204E-12,210.791E-12,283.176E-12
263.027,39.1386E-12,55.2494E-12,77.8507E-12,109.307E-12,152.412E-12,209.738E-12,281.852E-12
269.153,38.9327E-12,54.9593E-12,77.4438E-12,108.741E-12,151.636E-12,208.705E-12,280.555E-12
275.423,38.7309E-12,54.6751E-12,77.0451E-12,108.186E-12,150.875E-12,207.694E-12,279.285E-12
281.838,38.5332E-12,54.3965E-12,76.6542E-12,107.642E-12,150.130E-12,206.703E-12,278.040E-12
288.403,38.3394E-12,54.1235E-12,76.2713E-12,107.109E-12,149.399E-12,205.732E-12,276.822E-12
295.121,38.1495E-12,53.8561E-12,75.8960E-12,106.586E-12,148.684E-12,204.781E-12,275.629E-12
301.995,37.9634E-12,53.5940E-12,75.5284E-12,106.075E-12,147.983E-12,203.850E-12,274.460E-12
309.030,37.7811E-12,53.3372E-12,75.1682E-12,105.573E-12,147.296E-12,202.937E-12,273.316E-12
316.228,37.6025E-12,53.0857E-12,74.8153E-12,105.082E-12,146.624E-12,202.044E-12,272.196E-12
323.594,37.4276E-12,52.8393E-12,74.4697E-12,104.602E-12,145.965E-12,201.169E-12,271.100E-12
331.131,37.2562E-12,52.5979E-12,74.1312E-12,104.130E-12,145.320E-12,200.312E-12,270.026E-12
338.844,37.0884E-12,52.3615E-12,73.7996E-12,103.669E-12,144.688E-12,199.474E-12,268.976E-12
346.737,36.9240E-12,52.1300E-12,73.4749E-12,103.217E-12,144.069E-12,198.652E-12,267.948E-12
354.813,36.7630E-12,51.9033E-12,73.1569E-12,102.775E-12,143.464E-12,197.848E-12,266.941E-12
363.078,36.6054E-12,51.6813E-12,72.8455E-12,102.342E-12,142.871E-12,197.061E-12,265.956E-12
371.535,36.4511E-12,51.4640E-12,72.5406E-12,101.918E-12,142.290E-12,196.291E-12,264.993E-12
380.189,36.3000E-12,51.2512E-12,72.2421E-12,101.502E-12,141.722E-12,195.537E-12,264.050E-12
389.045,36.1520E-12,51.0428E-12,71.9499E-12,101.096E-12,141.165E-12,194.799E-12,263.127E-12
398.107,36.0072E-12,50.8389E-12,71.6639E-12,100.698E-12,140.621E-12,194.077E-12,262.224E-12
407.380,35.8654E-12,50.6392E-12,71.3839E-12,100.309E-12,140.088E-12,193.370E-12,261.341E-12
416.869,35.7267E-12,50.4438E-12,71.1098E-12,99.9274E-12,139.566E-12,192.678E-12,260.477E-12
426.580,35.5909E-12,50.2525E-12,70.8416E-12,99.5544E-12,139.056E-12,192.002E-12,259.632E-12
436.516,35.4579E-12,50.0653E-12,70.5791E-12,99.1893E-12,138.556E-12,191.340E-12,258.805E-12
446.684,35.3279E-12,49.8822E-12,70.3222E-12,98.8321E-12,138.067E-12,190.692E-12,257.997E-12
457.088,35.2006E-12,49.7029E-12,70.0709E-12,98.4825E-12,137.589E-12,190.058E-12,257.206E-12
467.735,35.0760E-12,49.5275E-12,69.8249E-12,98.1405E-12,137.121E-12,189.438E-12,256.433E-12
478.630,34.9542E-12,49.3559E-12,69.5843E-12,97.8059E-12,136.664E-12,188.832E-12,255.676E-12
489.779,34.8350E-12,49.1881E-12,69.3489E-12,97.4786E-12,136.216E-12,188.239E-12,254.937E-12
501.187,34.7183E-12,49.0238E-12,69.1186E-12,97.1583E-12,135.778E-12,187.659E-12,254.214E-12
512.861,34.6042E-12,48.8632E-12,68.8933E-12,96.8451E-12,135.350E-12,187.092E-12,253.507E-12
524.807,34.4926E-12,48.7060E-12,68.6730E-12,96.5387E-12,134.931E-12,186.537E-12,252.816E-12
537.032,34.3835E-12,48.5523E-12,68.4574E-12,96.2391E-12,134.521E-12,185.995E-12,252.140E-12
549.541,34.2767E-12,48.4019E-12,68.2466E-12,95.9460E-12,134.121E-12,185.464E-12,251.479E-12
562.341,34.1723E-12,48.2549E-12,68.0405E-12,95.6594E-12,133.729E-12,184.946E-12,250.834E-12
575.440,34.0702E-12,48.1111E-12,67.8389E-12,95.3792E-12,133.346E-12,184.439E-12,250.203E-12
588.844,33.9703E-12,47.9705E-12,67.6418E-12,95.1052E-12,132.971E-12,183.943E-12,249.586E-12
602.560,33.8727E-12,47.8330E-12,67.4490E-12,94.8372E-12,132.605E-12,183.459E-12,248.983E-12
616.595,33.7772E-12,47.6986E-12,67.2605E-12,94.5752E-12,132.247E-12,182.985E-12,248.393E-12
630.957,33.6839E-12,47.5672E-12,67.0763E-12,94.3191E-12,131.897E-12,182.522E-12,247.818E-12
645.654,33.5926E-12,47.4387E-12,66.8961E-12,94.0687E-12,131.554E-12,182.069E-12,247.255E-12
660.693,33.5034E-12,47.3131E-12,66.7200E-12,93.8240E-12,131.220E-12,181.627E-12,246.705E-12
676.083,33.4162E-12,47.1903E-12,66.5479E-12,93.5847E-12,130.893E-12,181.195E-12,246.167E-12
691.831,33.3309E-12,47.0702E-12,66.3796E-12,93.3508E-12,130.573E-12,180.772E-12,245.642E-12
707.946,33.2476E-12,46.9529E-12,66.2151E-12,93.1222E-12,130.261E-12,180.359E-12,245.129E-12
724.436,33.1662E-12,46.8382E-12,66.0544E-12,92.8988E-12,129.956E-12,179.956E-12,244.628E-12
741.310,33.0866E-12,46.7261E-12,65.8972E-12,92.6805E-12,129.658E-12,179.562E-12,244.138E-12
758.578,33.0088E-12,46.6166E-12,65.7437E-12,92.4671E-12,129.366E-12,179.176E-12,243.660E-12
776.247,32.9327E-12,46.5096E-12,65.5936E-12,92.2586E-12,129.081E-12,178.800E-12,243.193E-12
794.328,32.8584E-12,46.4050E-12,65.4470E-12,92.0548E-12,128.803E-12,178.432E-12,242.736E-12
812.831,32.7858E-12,46.3027E-12,65.3037E-12,91.8557E-12,128.531E-12,178.073E-12,242.290E-12
831.764,32.7149E-12,46.2029E-12,65.1637E-12,91.6612E-12,128.265E-12,177.722E-12,241.855E-12
851.138,32.6456E-12,46.1053E-12,65.0269E-12,91.4711E-12,128.006E-12,177.379E-12,241.429E-12
870.964,32.5779E-12,46.0099E-12,64.8933E-12,91.2854E-12,127.752E-12,177.044E-12,241.014E-12
891.251,32.5117E-12,45.9168E-12,64.7627E-12,91.1040E-12,127.505E-12,176.717E-12,240.608E-12
912.011,32.4471E-12,45.8258E-12,64.6352E-12,90.9268E-12,127.263E-12,176.397E-12,240.212E-12
933.254,32.3839E-12,45.7369E-12,64.5105E-12,90.7537E-12,127.026E-12,176.085E-12,239.825E-12
954.993,32.3222E-12,45.6500E-12,64.3888E-12,90.5846E-12,126.795E-12,175.780E-12,239.447E-12
977.237,32.2620E-12,45.5652E-12,64.2699E-12,90.4194E-12,126.570E-12,175.483E-12,239.078E-12
1.00000E3,32.2031E-12,45.4823E-12,64.1538E-12,90.2580E-12,126.349E-12,175.192E-12,238.717E-12
1.02329E3,32.1456E-12,45.4014E-12,64.0403E-12,90.1004E-12,126.134E-12,174.908E-12,238.365E-12
1.04713E3,32.0895E-12,45.3223E-12,63.9295E-12,89.9465E-12,125.924E-12,174.631E-12,238.022E-12
1.07152E3,32.0346E-12,45.2451E-12,63.8213E-12,89.7962E-12,125.719E-12,174.360E-12,237.686E-12
1.09648E3,31.9811E-12,45.1697E-12,63.7156E-12,89.6494E-12,125.519E-12,174.095E-12,237.359E-12
1.12202E3,31.9288E-12,45.0961E-12,63.6124E-12,89.5060E-12,125.323E-12,173.837E-12,237.039E-12
1.14815E3,31.8777E-12,45.0242E-12,63.5116E-12,89.3660E-12,125.132E-12,173.585E-12,236.727E-12
1.17490E3,31.8278E-12,44.9539E-12,63.4132E-12,89.2293E-12,124.945E-12,173.339E-12,236.422E-12
1.20226E3,31.7791E-12,44.8854E-12,63.3171E-12,89.0958E-12,124.763E-12,173.098E-12,236.124E-12
1.23027E3,31.7315E-12,44.8184E-12,63.2233E-12,88.9655E-12,124.585E-12,172.864E-12,235.834E-12
1.25893E3,31.6851E-12,44.7530E-12,63.1316E-12,88.8382E-12,124.411E-12,172.635E-12,235.550E-12
1.28825E3,31.6397E-12,44.6892E-12,63.0422E-12,88.7139E-12,124.242E-12,172.411E-12,235.273E-12
1.31826E3,31.5954E-12,44.6268E-12,62.9548E-12,88.5926E-12,124.076E-12,172.193E-12,235.003E-12
1.34896E3,31.5522E-12,44.5660E-12,62.8695E-12,88.4742E-12,123.915E-12,171.979E-12,234.740E-12
1.38038E3,31.5100E-12,44.5066E-12,62.7863E-12,88.3585E-12,123.757E-12,171.771E-12,234.482E-12
1.41254E3,31.4688E-12,44.4486E-12,62.7050E-12,88.2456E-12,123.603E-12,171.568E-12,234.231E-12
1.44544E3,31.4286E-12,44.3919E-12,62.6256E-12,88.1354E-12,123.452E-12,171.370E-12,233.986E-12
1.47911E3,31.3893E-12,44.3366E-12,62.5482E-12,88.0278E-12,123.306E-12,171.176E-12,233.746E-12
1.51356E3,31.3510E-12,44.2827E-12,62.4725E-12,87.9228E-12,123.162E-12,170.988E-12,233.513E-12
1.54882E3,31.3136E-12,44.2300E-12,62.3987E-12,87.8203E-12,123.022E-12,170.803E-12,233.285E-12
1.58489E3,31.2770E-12,44.1786E-12,62.3267E-12,87.7202E-12,122.886E-12,170.623E-12,233.062E-12
1.62181E3,31.2414E-12,44.1284E-12,62.2563E-12,87.6226E-12,122.753E-12,170.448E-12,232.845E-12
1.65959E3,31.2066E-12,44.0794E-12,62.1877E-12,87.5272E-12,122.623E-12,170.276E-12,232.633E-12
1.69824E3,31.1726E-12,44.0316E-12,62.1207E-12,87.4342E-12,122.496E-12,170.109E-12,232.426E-12
1.73780E3,31.1394E-12,43.9849E-12,62.0553E-12,87.3434E-12,122.372E-12,169.946E-12,232.225E-12
1.77828E3,31.1071E-12,43.9393E-12,61.9914E-12,87.2547E-12,122.251E-12,169.786E-12,232.028E-12
1.81970E3,31.0755E-12,43.8949E-12,61.9291E-12,87.1682E-12,122.133E-12,169.631E-12,231.836E-12
1.86209E3,31.0447E-12,43.8515E-12,61.8683E-12,87.0838E-12,122.018E-12,169.479E-12,231.648E-12
1.90546E3,31.0146E-12,43.8091E-12,61.8090E-12,87.0014E-12,121.905E-12,169.331E-12,231.465E-12
1.94984E3,30.9852E-12,43.7678E-12,61.7511E-12,86.9210E-12,121.796E-12,169.186E-12,231.287E-12
1.99526E3,30.9566E-12,43.7275E-12,61.6945E-12,86.8425E-12,121.689E-12,169.045E-12,231.112E-12
2.04174E3,30.9286E-12,43.6881E-12,61.6394E-12,86.7659E-12,121.584E-12,168.908E-12,230.943E-12
2.08930E3,30.9013E-12,43.6497E-12,61.5856E-12,86.6912E-12,121.482E-12,168.773E-12,230.777E-12
2.13796E3,30.8747E-12,43.6122E-12,61.5331E-12,86.6183E-12,121.383E-12,168.642E-12,230.615E-12
2.18776E3,30.8487E-12,43.5757E-12,61.4818E-12,86.5471E-12,121.286E-12,168.515E-12,230.457E-12
2.23872E3,30.8234E-12,43.5400E-12,61.4318E-12,86.4777E-12,121.191E-12,168.390E-12,230.303E-12
2.29087E3,30.7986E-12,43.5051E-12,61.3830E-12,86.4099E-12,121.099E-12,168.268E-12,230.153E-12
2.34423E3,30.7745E-12,43.4712E-12,61.3354E-12,86.3438E-12,121.009E-12,168.149E-12,230.006E-12
2.39883E3,30.7509E-12,43.4380E-12,61.2889E-12,86.2793E-12,120.921E-12,168.034E-12,229.863E-12
2.45471E3,30.7279E-12,43.4057E-12,61.2436E-12,86.2164E-12,120.835E-12,167.920E-12,229.724E-12
2.51189E3,30.7055E-12,43.3741E-12,61.1994E-12,86.1550E-12,120.751E-12,167.810E-12,229.588E-12
2.57040E3,30.6836E-12,43.3433E-12,61.1562E-12,86.0951E-12,120.669E-12,167.703E-12,229.455E-12
2.63027E3,30.6623E-12,43.3132E-12,61.1141E-12,86.0366E-12,120.590E-12,167.598E-12,229.325E-12
2.69153E3,30.6415E-12,43.2839E-12,61.0730E-12,85.9796E-12,120.512E-12,167.495E-12,229.199E-12
2.75423E3,30.6211E-12,43.2553E-12,61.0330E-12,85.9240E-12,120.436E-12,167.395E-12,229.076E-12
2.81838E3,30.6013E-12,43.2274E-12,60.9939E-12,85.8697E-12,120.362E-12,167.298E-12,228.955E-12
2.88403E3,30.5820E-12,43.2002E-12,60.9557E-12,85.8167E-12,120.290E-12,167.203E-12,228.838E-12
2.95121E3,30.5631E-12,43.1736E-12,60.9185E-12,85.7651E-12,120.219E-12,167.110E-12,228.724E-12
3.01995E3,30.5447E-12,43.1477E-12,60.8822E-12,85.7146E-12,120.151E-12,167.020E-12,228.612E-12
3.09030E3,30.5267E-12,43.1224E-12,60.8468E-12,85.6655E-12,120.084E-12,166.931E-12,228.503E-12
3.16228E3,30.5092E-12,43.0978E-12,60.8122E-12,85.6175E-12,120.018E-12,166.845E-12,228.397E-12
3.23594E3,30.4921E-12,43.0737E-12,60.7785E-12,85.5707E-12,119.954E-12,166.761E-12,228.293E-12
3.31131E3,30.4755E-12,43.0502E-12,60.7456E-12,85.5251E-12,119.892E-12,166.679E-12,228.192E-12
3.38844E3,30.4592E-12,43.0273E-12,60.7136E-12,85.4805E-12,119.832E-12,166.599E-12,228.094E-12
3.46737E3,30.4433E-12,43.0050E-12,60.6823E-12,85.4371E-12,119.772E-12,166.521E-12,227.997E-12
3.54813E3,30.4278E-12,42.9832E-12,60.6517E-12,85.3947E-12,119.715E-12,166.445E-12,227.904E-12
3.63078E3,30.4127E-12,42.9620E-12,60.6220E-12,85.3534E-12,119.658E-12,166.371E-12,227.812E-12
3.71535E3,30.3980E-12,42.9412E-12,60.5929E-12,85.3131E-12,119.603E-12,166.299E-12,227.723E-12
3.80189E3,30.3837E-12,42.9210E-12,60.5646E-12,85.2737E-12,119.550E-12,166.228E-12,227.636E-12
3.89045E3,30.3696E-12,42.9013E-12,60.5369E-12,85.2354E-12,119.497E-12,166.159E-12,227.551E-12
3.98107E3,30.3560E-12,42.8820E-12,60.5100E-12,85.1980E-12,119.446E-12,166.092E-12,227.468E-12
4.07380E3,30.3426E-12,42.8633E-12,60.4837E-12,85.1615E-12,119.397E-12,166.027E-12,227.387E-12
4.16869E3,30.3296E-12,42.8450E-12,60.4580E-12,85.1258E-12,119.348E-12,165.963E-12,227.309E-12
4.26580E3,30.3169E-12,42.8271E-12,60.4330E-12,85.0911E-12,119.301E-12,165.901E-12,227.232E-12
4.36516E3,30.3046E-12,42.8097E-12,60.4086E-12,85.0572E-12,119.255E-12,165.840E-12,227.157E-12
4.46684E3,30.2925E-12,42.7927E-12,60.3848E-12,85.0242E-12,119.209E-12,165.780E-12,227.084E-12
4.57088E3,30.2807E-12,42.7761E-12,60.3616E-12,84.9920E-12,119.166E-12,165.723E-12,227.013E-12
4.67735E3,30.2692E-12,42.7600E-12,60.3390E-12,84.9606E-12,119.123E-12,165.666E-12,226.943E-12
4.78630E3,30.2580E-12,42.7442E-12,60.3169E-12,84.9299E-12,119.081E-12,165.611E-12,226.875E-12
4.89779E3,30.2471E-12,42.7288E-12,60.2953E-12,84.9000E-12,119.040E-12,165.558E-12,226.809E-12
5.01187E3,30.2365E-12,42.7138E-12,60.2743E-12,84.8708E-12,119.000E-12,165.505E-12,226.745E-12
5.12861E3,30.2261E-12,42.6992E-12,60.2538E-12,84.8424E-12,118.962E-12,165.454E-12,226.682E-12
5.24807E3,30.2159E-12,42.6850E-12,60.2339E-12,84.8147E-12,118.924E-12,165.405E-12,226.621E-12
5.37032E3,30.2061E-12,42.6710E-12,60.2144E-12,84.7876E-12,118.887E-12,165.356E-12,226.561E-12
5.49541E3,30.1964E-12,42.6575E-12,60.1954E-12,84.7612E-12,118.851E-12,165.309E-12,226.502E-12
5.62341E3,30.1870E-12,42.6442E-12,60.1768E-12,84.7355E-12,118.816E-12,165.263E-12,226.446E-12
5.75440E3,30.1778E-12,42.6313E-12,60.1587E-12,84.7104E-12,118.782E-12,165.218E-12,226.390E-12
5.88844E3,30.1689E-12,42.6187E-12,60.1411E-12,84.6859E-12,118.748E-12,165.174E-12,226.336E-12
6.02560E3,30.1602E-12,42.6065E-12,60.1239E-12,84.6620E-12,118.716E-12,165.131E-12,226.283E-12
6.16595E3,30.1517E-12,42.5945E-12,60.1071E-12,84.6388E-12,118.684E-12,165.089E-12,226.232E-12
6.30957E3,30.1434E-12,42.5828E-12,60.0908E-12,84.6161E-12,118.653E-12,165.048E-12,226.182E-12
6.45654E3,30.1353E-12,42.5714E-12,60.0748E-12,84.5939E-12,118.623E-12,165.009E-12,226.133E-12
6.60693E3,30.1274E-12,42.5603E-12,60.0593E-12,84.5723E-12,118.594E-12,164.970E-12,226.085E-12
6.76083E3,30.1197E-12,42.5495E-12,60.0441E-12,84.5513E-12,118.565E-12,164.932E-12,226.038E-12
6.91831E3,30.1122E-12,42.5389E-12,60.0293E-12,84.5307E-12,118.537E-12,164.895E-12,225.993E-12
7.07946E3,30.1049E-12,42.5286E-12,60.0149E-12,84.5107E-12,118.510E-12,164.859E-12,225.949E-12
7.24436E3,30.0977E-12,42.5186E-12,60.0008E-12,84.4912E-12,118.483E-12,164.824E-12,225.906E-12
7.41310E3,30.0908E-12,42.5088E-12,59.9871E-12,84.4721E-12,118.457E-12,164.790E-12,225.864E-12
7.58578E3,30.0840E-12,42.4992E-12,59.9737E-12,84.4535E-12,118.432E-12,164.757E-12,225.822E-12
7.76247E3,30.0774E-12,42.4899E-12,59.9606E-12,84.4354E-12,118.407E-12,164.724E-12,225.782E-12
7.94328E3,30.0709E-12,42.4808E-12,59.9479E-12,84.4177E-12,118.383E-12,164.693E-12,225.743E-12
8.12831E3,30.0646E-12,42.4720E-12,59.9355E-12,84.4005E-12,118.359E-12,164.662E-12,225.705E-12
8.31764E3,30.0585E-12,42.4633E-12,59.9234E-12,84.3837E-12,118.337E-12,164.632E-12,225.668E-12
8.51138E3,30.0525E-12,42.4549E-12,59.9116E-12,84.3673E-12,118.314E-12,164.602E-12,225.632E-12
8.70964E3,30.0467E-12,42.4467E-12,59.9001E-12,84.3514E-12,118.292E-12,164.574E-12,225.597E-12
8.91251E3,30.0410E-12,42.4387E-12,59.8888E-12,84.3358E-12,118.271E-12,164.546E-12,225.562E-12
9.12011E3,30.0354E-12,42.4309E-12,59.8779E-12,84.3206E-12,118.250E-12,164.519E-12,225.529E-12
9.33254E3,30.0300E-12,42.4232E-12,59.8672E-12,84.3058E-12,118.230E-12,164.492E-12,225.496E-12
9.54993E3,30.0247E-12,42.4158E-12,59.8568E-12,84.2913E-12,118.211E-12,164.466E-12,225.464E-12
9.77237E3,30.0196E-12,42.4086E-12,59.8466E-12,84.2772E-12,118.191E-12,164.441E-12,225.433E-12
10.0000E3,30.0146E-12,42.4015E-12,59.8367E-12,84.2635E-12,118.173E-12,164.416E-12,225.403E-12
10.2329E3,30.0097E-12,42.3946E-12,59.8271E-12,84.2501E-12,118.154E-12,164.392E-12,225.373E-12
10.4713E3,30.0049E-12,42.3879E-12,59.8177E-12,84.2370E-12,118.137E-12,164.369E-12,225.344E-12
10.7152E3,30.0002E-12,42.3813E-12,59.8085E-12,84.2243E-12,118.119E-12,164.346E-12,225.316E-12
10.9648E3,29.9957E-12,42.3749E-12,59.7996E-12,84.2119E-12,118.102E-12,164.324E-12,225.289E-12
11.2202E3,29.9913E-12,42.3687E-12,59.7908E-12,84.1997E-12,118.086E-12,164.302E-12,225.262E-12
11.4815E3,29.9870E-12,42.3626E-12,59.7823E-12,84.1879E-12,118.070E-12,164.281E-12,225.236E-12
11.7490E3,29.9827E-12,42.3567E-12,59.7740E-12,84.1764E-12,118.054E-12,164.260E-12,225.211E-12
12.0226E3,29.9786E-12,42.3509E-12,59.7659E-12,84.1652E-12,118.039E-12,164.240E-12,225.186E-12
12.3027E3,29.9746E-12,42.3453E-12,59.7580E-12,84.1542E-12,118.024E-12,164.220E-12,225.162E-12
12.5893E3,29.9707E-12,42.3398E-12,59.7503E-12,84.1435E-12,118.009E-12,164.201E-12,225.138E-12
12.8825E3,29.9669E-12,42.3345E-12,59.7428E-12,84.1331E-12,117.995E-12,164.183E-12,225.115E-12
13.1826E3,29.9632E-12,42.3292E-12,59.7355E-12,84.1230E-12,117.981E-12,164.164E-12,225.093E-12
13.4896E3,29.9596E-12,42.3241E-12,59.7284E-12,84.1131E-12,117.968E-12,164.147E-12,225.071E-12
13.8038E3,29.9561E-12,42.3192E-12,59.7214E-12,84.1034E-12,117.955E-12,164.129E-12,225.049E-12
14.1254E3,29.9526E-12,42.3143E-12,59.7146E-12,84.0940E-12,117.942E-12,164.112E-12,225.029E-12
14.4544E3,29.9493E-12,42.3096E-12,59.7080E-12,84.0848E-12,117.929E-12,164.096E-12,225.008E-12
14.7911E3,29.9460E-12,42.3050E-12,59.7016E-12,84.0759E-12,117.917E-12,164.080E-12,224.989E-12
15.1356E3,29.9428E-12,42.3005E-12,59.6953E-12,84.0671E-12,117.905E-12,164.064E-12,224.969E-12
15.4882E3,29.9397E-12,42.2961E-12,59.6891E-12,84.0586E-12,117.894E-12,164.049E-12,224.951E-12
15.8489E3,29.9367E-12,42.2919E-12,59.6832E-12,84.0503E-12,117.882E-12,164.034E-12,224.932E-12
16.2181E3,29.9337E-12,42.2877E-12,59.6773E-12,84.0422E-12,117.871E-12,164.020E-12,224.914E-12
16.5959E3,29.9308E-12,42.2836E-12,59.6716E-12,84.0343E-12,117.860E-12,164.005E-12,224.897E-12
16.9824E3,29.9280E-12,42.2797E-12,59.6661E-12,84.0266E-12,117.850E-12,163.992E-12,224.880E-12
17.3780E3,29.9253E-12,42.2758E-12,59.6607E-12,84.0191E-12,117.840E-12,163.978E-12,224.863E-12
17.7828E3,29.9226E-12,42.2721E-12,59.6554E-12,84.0118E-12,117.830E-12,163.965E-12,224.847E-12
18.1970E3,29.9200E-12,42.2684E-12,59.6503E-12,84.0047E-12,117.820E-12,163.952E-12,224.831E-12
18.6209E3,29.9174E-12,42.2648E-12,59.6453E-12,83.9977E-12,117.811E-12,163.940E-12,224.816E-12
19.0546E3,29.9150E-12,42.2613E-12,59.6404E-12,83.9910E-12,117.801E-12,163.928E-12,224.801E-12
19.4984E3,29.9126E-12,42.2579E-12,59.6356E-12,83.9843E-12,117.792E-12,163.916E-12,224.787E-12
19.9526E3,29.9102E-12,42.2546E-12,59.6310E-12,83.9779E-12,117.784E-12,163.904E-12,224.772E-12
20.4174E3,29.9079E-12,42.2514E-12,59.6264E-12,83.9716E-12,117.775E-12,163.893E-12,224.758E-12
20.8930E3,29.9057E-12,42.2482E-12,59.6220E-12,83.9655E-12,117.767E-12,163.882E-12,224.745E-12
21.3796E3,29.9035E-12,42.2451E-12,59.6177E-12,83.9595E-12,117.758E-12,163.871E-12,224.732E-12
21.8776E3,29.9013E-12,42.2421E-12,59.6135E-12,83.9537E-12,117.750E-12,163.861E-12,224.719E-12
22.3872E3,29.8993E-12,42.2392E-12,59.6094E-12,83.9480E-12,117.743E-12,163.851E-12,224.706E-12
22.9087E3,29.8972E-12,42.2364E-12,59.6054E-12,83.9424E-12,117.735E-12,163.841E-12,224.694E-12
23.4423E3,29.8953E-12,42.2336E-12,59.6015E-12,83.9370E-12,117.728E-12,163.831E-12,224.682E-12
23.9883E3,29.8933E-12,42.2309E-12,59.5977E-12,83.9318E-12,117.721E-12,163.822E-12,224.671E-12
24.5471E3,29.8915E-12,42.2282E-12,59.5940E-12,83.9266E-12,117.714E-12,163.812E-12,224.659E-12
25.1189E3,29.8896E-12,42.2257E-12,59.5904E-12,83.9216E-12,117.707E-12,163.803E-12,224.648E-12
25.7040E3,29.8878E-12,42.2232E-12,59.5869E-12,83.9167E-12,117.700E-12,163.795E-12,224.637E-12
26.3027E3,29.8861E-12,42.2207E-12,59.5835E-12,83.9120E-12,117.694E-12,163.786E-12,224.627E-12
26.9153E3,29.8844E-12,42.2183E-12,59.5801E-12,83.9073E-12,117.687E-12,163.778E-12,224.617E-12
27.5423E3,29.8828E-12,42.2160E-12,59.5769E-12,83.9028E-12,117.681E-12,163.770E-12,224.607E-12
28.1838E3,29.8811E-12,42.2137E-12,59.5737E-12,83.8984E-12,117.675E-12,163.762E-12,224.597E-12
28.8403E3,29.8796E-12,42.2115E-12,59.5706E-12,83.8941E-12,117.669E-12,163.754E-12,224.587E-12
29.5121E3,29.8780E-12,42.2093E-12,59.5676E-12,83.8899E-12,117.664E-12,163.747E-12,224.578E-12
30.1995E3,29.8765E-12,42.2072E-12,59.5646E-12,83.8858E-12,117.658E-12,163.739E-12,224.569E-12
30.9030E3,29.8751E-12,42.2052E-12,59.5617E-12,83.8818E-12,117.653E-12,163.732E-12,224.560E-12
31.6228E3,29.8737E-12,42.2032E-12,59.5589E-12,83.8779E-12,117.647E-12,163.725E-12,224.552E-12
32.3594E3,29.8723E-12,42.2012E-12,59.5562E-12,83.8741E-12,117.642E-12,163.718E-12,224.543E-12
33.1131E3,29.8709E-12,42.1993E-12,59.5535E-12,83.8704E-12,117.637E-12,163.712E-12,224.535E-12
33.8844E3,29.8696E-12,42.1975E-12,59.5509E-12,83.8668E-12,117.632E-12,163.705E-12,224.527E-12
34.6737E3,29.8683E-12,42.1957E-12,59.5484E-12,83.8633E-12,117.627E-12,163.699E-12,224.519E-12
35.4813E3,29.8671E-12,42.1939E-12,59.5459E-12,83.8599E-12,117.623E-12,163.693E-12,224.512E-12
36.3078E3,29.8658E-12,42.1922E-12,59.5435E-12,83.8565E-12,117.618E-12,163.687E-12,224.505E-12
37.1535E3,29.8647E-12,42.1905E-12,59.5412E-12,83.8533E-12,117.614E-12,163.681E-12,224.497E-12
38.0189E3,29.8635E-12,42.1889E-12,59.5389E-12,83.8501E-12,117.609E-12,163.675E-12,224.490E-12
38.9045E3,29.8624E-12,42.1873E-12,59.5367E-12,83.8470E-12,117.605E-12,163.670E-12,224.484E-12
39.8107E3,29.8613E-12,42.1857E-12,59.5345E-12,83.8440E-12,117.601E-12,163.664E-12,224.477E-12
40.7380E3,29.8602E-12,42.1842E-12,59.5324E-12,83.8410E-12,117.597E-12,163.659E-12,224.470E-12
41.6869E3,29.8591E-12,42.1827E-12,59.5303E-12,83.8382E-12,117.593E-12,163.654E-12,224.464E-12
42.6580E3,29.8581E-12,42.1813E-12,59.5283E-12,83.8354E-12,117.589E-12,163.649E-12,224.458E-12
43.6516E3,29.8571E-12,42.1799E-12,59.5263E-12,83.8326E-12,117.586E-12,163.644E-12,224.452E-12
44.6684E3,29.8561E-12,42.1785E-12,59.5244E-12,83.8300E-12,117.582E-12,163.639E-12,224.446E-12
45.7088E3,29.8552E-12,42.1772E-12,59.5225E-12,83.8274E-12,117.578E-12,163.635E-12,224.440E-12
46.7735E3,29.8543E-12,42.1759E-12,59.5207E-12,83.8248E-12,117.575E-12,163.630E-12,224.435E-12
47.8630E3,29.8534E-12,42.1746E-12,59.5189E-12,83.8224E-12,117.572E-12,163.626E-12,224.429E-12
48.9779E3,29.8525E-12,42.1734E-12,59.5172E-12,83.8200E-12,117.568E-12,163.621E-12,224.424E-12
50.1187E3,29.8516E-12,42.1722E-12,59.5155E-12,83.8176E-12,117.565E-12,163.617E-12,224.419E-12
51.2861E3,29.8508E-12,42.1710E-12,59.5138E-12,83.8153E-12,117.562E-12,163.613E-12,224.414E-12
52.4807E3,29.8500E-12,42.1698E-12,59.5122E-12,83.8131E-12,117.559E-12,163.609E-12,224.409E-12
53.7032E3,29.8492E-12,42.1687E-12,59.5107E-12,83.8109E-12,117.556E-12,163.605E-12,224.404E-12
54.9541E3,29.8484E-12,42.1676E-12,59.5091E-12,83.8088E-12,117.553E-12,163.601E-12,224.399E-12
56.2341E3,29.8477E-12,42.1666E-12,59.5076E-12,83.8067E-12,117.550E-12,163.598E-12,224.395E-12
57.5440E3,29.8469E-12,42.1655E-12,59.5062E-12,83.8047E-12,117.548E-12,163.594E-12,224.390E-12
58.8844E3,29.8462E-12,42.1645E-12,59.5048E-12,83.8028E-12,117.545E-12,163.590E-12,224.386E-12
60.2560E3,29.8455E-12,42.1635E-12,59.5034E-12,83.8008E-12,117.542E-12,163.587E-12,224.382E-12
61.6595E3,29.8448E-12,42.1626E-12,59.5021E-12,83.7990E-12,117.540E-12,163.584E-12,224.378E-12
63.0957E3,29.8441E-12,42.1616E-12,59.5007E-12,83.7972E-12,117.537E-12,163.580E-12,224.374E-12
64.5654E3,29.8435E-12,42.1607E-12,59.4995E-12,83.7954E-12,117.535E-12,163.577E-12,224.370E-12
66.0693E3,29.8429E-12,42.1598E-12,59.4982E-12,83.7936E-12,117.532E-12,163.574E-12,224.366E-12
67.6083E3,29.8422E-12,42.1590E-12,59.4970E-12,83.7920E-12,117.530E-12,163.571E-12,224.362E-12
69.1831E3,29.8416E-12,42.1581E-12,59.4958E-12,83.7903E-12,117.528E-12,163.568E-12,224.358E-12
70.7946E3,29.8411E-12,42.1573E-12,59.4947E-12,83.7887E-12,117.526E-12,163.565E-12,224.355E-12
72.4436E3,29.8405E-12,42.1565E-12,59.4935E-12,83.7871E-12,117.524E-12,163.562E-12,224.351E-12
74.1310E3,29.8399E-12,42.1557E-12,59.4924E-12,83.7856E-12,117.522E-12,163.560E-12,224.348E-12
75.8578E3,29.8394E-12,42.1549E-12,59.4914E-12,83.7841E-12,117.519E-12,163.557E-12,224.345E-12
77.6247E3,29.8389E-12,42.1542E-12,59.4903E-12,83.7827E-12,117.518E-12,163.554E-12,224.342E-12
79.4328E3,29.8383E-12,42.1535E-12,59.4893E-12,83.7813E-12,117.516E-12,163.552E-12,224.338E-12
81.2831E3,29.8378E-12,42.1528E-12,59.4883E-12,83.7799E-12,117.514E-12,163.549E-12,224.335E-12
83.1764E3,29.8373E-12,42.1521E-12,59.4873E-12,83.7785E-12,117.512E-12,163.547E-12,224.332E-12
85.1138E3,29.8369E-12,42.1514E-12,59.4864E-12,83.7772E-12,117.510E-12,163.545E-12,224.330E-12
87.0964E3,29.8364E-12,42.1507E-12,59.4855E-12,83.7760E-12,117.508E-12,163.542E-12,224.327E-12
89.1251E3,29.8359E-12,42.1501E-12,59.4846E-12,83.7747E-12,117.507E-12,163.540E-12,224.324E-12
91.2011E3,29.8355E-12,42.1495E-12,59.4837E-12,83.7735E-12,117.505E-12,163.538E-12,224.321E-12
93.3254E3,29.8351E-12,42.1489E-12,59.4828E-12,83.7723E-12,117.503E-12,163.536E-12,224.319E-12
95.4993E3,29.8346E-12,42.1483E-12,59.4820E-12,83.7712E-12,117.502E-12,163.534E-12,224.316E-12
97.7237E3,29.8342E-12,42.1477E-12,59.4812E-12,83.7700E-12,117.500E-12,163.532E-12,224.314E-12
100.000E3,29.8338E-12,42.1471E-12,59.4804E-12,83.7689E-12,117.499E-12,163.530E-12,224.311E-12
102.329E3,29.8334E-12,42.1466E-12,59.4796E-12,83.7679E-12,117.497E-12,163.528E-12,224.309E-12
104.713E3,29.8331E-12,42.1460E-12,59.4789E-12,83.7668E-12,117.496E-12,163.526E-12,224.307E-12
107.152E3,29.8327E-12,42.1455E-12,59.4781E-12,83.7658E-12,117.495E-12,163.524E-12,224.304E-12
109.648E3,29.8323E-12,42.1450E-12,59.4774E-12,83.7648E-12,117.493E-12,163.522E-12,224.302E-12
112.202E3,29.8320E-12,42.1445E-12,59.4767E-12,83.7638E-12,117.492E-12,163.521E-12,224.300E-12
114.815E3,29.8316E-12,42.1440E-12,59.4760E-12,83.7629E-12,117.491E-12,163.519E-12,224.298E-12
117.490E3,29.8313E-12,42.1435E-12,59.4754E-12,83.7620E-12,117.489E-12,163.517E-12,224.296E-12
120.226E3,29.8310E-12,42.1431E-12,59.4747E-12,83.7611E-12,117.488E-12,163.516E-12,224.294E-12
123.027E3,29.8306E-12,42.1426E-12,59.4741E-12,83.7602E-12,117.487E-12,163.514E-12,224.292E-12
125.893E3,29.8303E-12,42.1422E-12,59.4735E-12,83.7593E-12,117.486E-12,163.513E-12,224.290E-12
128.825E3,29.8300E-12,42.1418E-12,59.4729E-12,83.7585E-12,117.485E-12,163.511E-12,224.288E-12
131.826E3,29.8297E-12,42.1414E-12,59.4723E-12,83.7577E-12,117.483E-12,163.510E-12,224.287E-12
134.896E3,29.8294E-12,42.1409E-12,59.4717E-12,83.7569E-12,117.482E-12,163.508E-12,224.285E-12
138.038E3,29.8292E-12,42.1405E-12,59.4712E-12,83.7561E-12,117.481E-12,163.507E-12,224.283E-12
141.254E3,29.8289E-12,42.1402E-12,59.4706E-12,83.7554E-12,117.480E-12,163.506E-12,224.281E-12
144.544E3,29.8286E-12,42.1398E-12,59.4701E-12,83.7547E-12,117.479E-12,163.504E-12,224.280E-12
147.911E3,29.8284E-12,42.1394E-12,59.4696E-12,83.7539E-12,117.478E-12,163.503E-12,224.278E-12
151.356E3,29.8281E-12,42.1391E-12,59.4691E-12,83.7532E-12,117.477E-12,163.502E-12,224.277E-12
154.882E3,29.8279E-12,42.1387E-12,59.4686E-12,83.7526E-12,117.476E-12,163.500E-12,224.275E-12
158.489E3,29.8276E-12,42.1384E-12,59.4681E-12,83.7519E-12,117.476E-12,163.499E-12,224.274E-12
162.181E3,29.8274E-12,42.1380E-12,59.4677E-12,83.7513E-12,117.475E-12,163.498E-12,224.272E-12
165.959E3,29.8271E-12,42.1377E-12,59.4672E-12,83.7506E-12,117.474E-12,163.497E-12,224.271E-12
169.824E3,29.8269E-12,42.1374E-12,59.4668E-12,83.7500E-12,117.473E-12,163.496E-12,224.270E-12
173.780E3,29.8267E-12,42.1371E-12,59.4663E-12,83.7494E-12,117.472E-12,163.495E-12,224.268E-12
177.828E3,29.8265E-12,42.1368E-12,59.4659E-12,83.7488E-12,117.471E-12,163.494E-12,224.267E-12
181.970E3,29.8263E-12,42.1365E-12,59.4655E-12,83.7483E-12,117.471E-12,163.493E-12,224.266E-12
186.209E3,29.8261E-12,42.1362E-12,59.4651E-12,83.7477E-12,117.470E-12,163.492E-12,224.264E-12
190.546E3,29.8259E-12,42.1359E-12,59.4647E-12,83.7472E-12,117.469E-12,163.491E-12,224.263E-12
194.984E3,29.8257E-12,42.1357E-12,59.4643E-12,83.7466E-12,117.468E-12,163.490E-12,224.262E-12
199.526E3,29.8255E-12,42.1354E-12,59.4640E-12,83.7461E-12,117.468E-12,163.489E-12,224.261E-12
204.174E3,29.8253E-12,42.1351E-12,59.4636E-12,83.7456E-12,117.467E-12,163.488E-12,224.260E-12
208.930E3,29.8251E-12,42.1349E-12,59.4633E-12,83.7451E-12,117.466E-12,163.487E-12,224.259E-12
213.796E3,29.8250E-12,42.1346E-12,59.4629E-12,83.7447E-12,117.466E-12,163.486E-12,224.258E-12
218.776E3,29.8248E-12,42.1344E-12,59.4626E-12,83.7442E-12,117.465E-12,163.485E-12,224.257E-12
223.872E3,29.8246E-12,42.1342E-12,59.4622E-12,83.7437E-12,117.464E-12,163.485E-12,224.256E-12
229.087E3,29.8245E-12,42.1339E-12,59.4619E-12,83.7433E-12,117.464E-12,163.484E-12,224.255E-12
234.423E3,29.8243E-12,42.1337E-12,59.4616E-12,83.7429E-12,117.463E-12,163.483E-12,224.254E-12
239.883E3,29.8242E-12,42.1335E-12,59.4613E-12,83.7424E-12,117.463E-12,163.482E-12,224.253E-12
245.471E3,29.8240E-12,42.1333E-12,59.4610E-12,83.7420E-12,117.462E-12,163.482E-12,224.252E-12
251.189E3,29.8239E-12,42.1331E-12,59.4607E-12,83.7416E-12,117.462E-12,163.481E-12,224.251E-12
257.040E3,29.8237E-12,42.1329E-12,59.4604E-12,83.7412E-12,117.461E-12,163.480E-12,224.250E-12
263.027E3,29.8236E-12,42.1327E-12,59.4602E-12,83.7409E-12,117.461E-12,163.480E-12,224.249E-12
269.153E3,29.8234E-12,42.1325E-12,59.4599E-12,83.7405E-12,117.460E-12,163.479E-12,224.249E-12
275.423E3,29.8233E-12,42.1323E-12,59.4596E-12,83.7401E-12,117.460E-12,163.478E-12,224.248E-12
281.838E3,29.8232E-12,42.1321E-12,59.4594E-12,83.7398E-12,117.459E-12,163.478E-12,224.247E-12
288.403E3,29.8231E-12,42.1319E-12,59.4591E-12,83.7394E-12,117.459E-12,163.477E-12,224.246E-12
295.121E3,29.8229E-12,42.1318E-12,59.4589E-12,83.7391E-12,117.458E-12,163.476E-12,224.245E-12
301.995E3,29.8228E-12,42.1316E-12,59.4587E-12,83.7388E-12,117.458E-12,163.476E-12,224.245E-12
309.030E3,29.8227E-12,42.1314E-12,59.4584E-12,83.7384E-12,117.457E-12,163.475E-12,224.244E-12
316.228E3,29.8226E-12,42.1313E-12,59.4582E-12,83.7381E-12,117.457E-12,163.475E-12,224.243E-12
323.594E3,29.8225E-12,42.1311E-12,59.4580E-12,83.7378E-12,117.456E-12,163.474E-12,224.243E-12
331.131E3,29.8224E-12,42.1310E-12,59.4578E-12,83.7375E-12,117.456E-12,163.474E-12,224.242E-12
338.844E3,29.8223E-12,42.1308E-12,59.4576E-12,83.7372E-12,117.456E-12,163.473E-12,224.241E-12
346.737E3,29.8221E-12,42.1307E-12,59.4574E-12,83.7370E-12,117.455E-12,163.473E-12,224.241E-12
354.813E3,29.8220E-12,42.1305E-12,59.4572E-12,83.7367E-12,117.455E-12,163.472E-12,224.240E-12
363.078E3,29.8219E-12,42.1304E-12,59.4570E-12,83.7364E-12,117.454E-12,163.472E-12,224.240E-12
371.535E3,29.8219E-12,42.1303E-12,59.4568E-12,83.7361E-12,117.454E-12,163.471E-12,224.239E-12
380.189E3,29.8218E-12,42.1301E-12,59.4566E-12,83.7359E-12,117.454E-12,163.471E-12,224.238E-12
389.045E3,29.8217E-12,42.1300E-12,59.4564E-12,83.7356E-12,117.453E-12,163.470E-12,224.238E-12
398.107E3,29.8216E-12,42.1299E-12,59.4562E-12,83.7354E-12,117.453E-12,163.470E-12,224.237E-12
407.380E3,29.8215E-12,42.1298E-12,59.4561E-12,83.7352E-12,117.453E-12,163.469E-12,224.237E-12
416.869E3,29.8214E-12,42.1296E-12,59.4559E-12,83.7349E-12,117.452E-12,163.469E-12,224.236E-12
426.580E3,29.8213E-12,42.1295E-12,59.4557E-12,83.7347E-12,117.452E-12,163.468E-12,224.236E-12
436.516E3,29.8212E-12,42.1294E-12,59.4556E-12,83.7345E-12,117.452E-12,163.468E-12,224.235E-12
446.684E3,29.8212E-12,42.1293E-12,59.4554E-12,83.7343E-12,117.452E-12,163.468E-12,224.235E-12
457.088E3,29.8211E-12,42.1292E-12,59.4553E-12,83.7340E-12,117.451E-12,163.467E-12,224.234E-12
467.735E3,29.8210E-12,42.1291E-12,59.4551E-12,83.7338E-12,117.451E-12,163.467E-12,224.234E-12
478.630E3,29.8209E-12,42.1290E-12,59.4550E-12,83.7336E-12,117.451E-12,163.467E-12,224.233E-12
489.779E3,29.8209E-12,42.1289E-12,59.4548E-12,83.7334E-12,117.450E-12,163.466E-12,224.233E-12
501.187E3,29.8208E-12,42.1288E-12,59.4547E-12,83.7332E-12,117.450E-12,163.466E-12,224.233E-12
512.861E3,29.8207E-12,42.1287E-12,59.4546E-12,83.7331E-12,117.450E-12,163.466E-12,224.232E-12
524.807E3,29.8207E-12,42.1286E-12,59.4544E-12,83.7329E-12,117.450E-12,163.465E-12,224.232E-12
537.032E3,29.8206E-12,42.1285E-12,59.4543E-12,83.7327E-12,117.449E-12,163.465E-12,224.231E-12
549.541E3,29.8205E-12,42.1284E-12,59.4542E-12,83.7325E-12,117.449E-12,163.465E-12,224.231E-12
562.341E3,29.8205E-12,42.1283E-12,59.4540E-12,83.7323E-12,117.449E-12,163.464E-12,224.231E-12
575.440E3,29.8204E-12,42.1282E-12,59.4539E-12,83.7322E-12,117.449E-12,163.464E-12,224.230E-12
588.844E3,29.8203E-12,42.1281E-12,59.4538E-12,83.7320E-12,117.448E-12,163.464E-12,224.230E-12
602.560E3,29.8203E-12,42.1280E-12,59.4537E-12,83.7318E-12,117.448E-12,163.463E-12,224.229E-12
616.595E3,29.8202E-12,42.1280E-12,59.4536E-12,83.7317E-12,117.448E-12,163.463E-12,224.229E-12
630.957E3,29.8202E-12,42.1279E-12,59.4535E-12,83.7315E-12,117.448E-12,163.463E-12,224.229E-12
645.654E3,29.8201E-12,42.1278E-12,59.4533E-12,83.7314E-12,117.448E-12,163.463E-12,224.228E-12
660.693E3,29.8201E-12,42.1277E-12,59.4532E-12,83.7312E-12,117.447E-12,163.462E-12,224.228E-12
676.083E3,29.8200E-12,42.1277E-12,59.4531E-12,83.7311E-12,117.447E-12,163.462E-12,224.228E-12
691.831E3,29.8199E-12,42.1276E-12,59.4530E-12,83.7309E-12,117.447E-12,163.462E-12,224.227E-12
707.946E3,29.8199E-12,42.1275E-12,59.4529E-12,83.7308E-12,117.447E-12,163.461E-12,224.227E-12
724.436E3,29.8198E-12,42.1274E-12,59.4528E-12,83.7307E-12,117.447E-12,163.461E-12,224.227E-12
741.310E3,29.8198E-12,42.1274E-12,59.4527E-12,83.7305E-12,117.446E-12,163.461E-12,224.226E-12
758.578E3,29.8197E-12,42.1273E-12,59.4526E-12,83.7304E-12,117.446E-12,163.461E-12,224.226E-12
776.247E3,29.8197E-12,42.1272E-12,59.4525E-12,83.7303E-12,117.446E-12,163.460E-12,224.226E-12
794.328E3,29.8197E-12,42.1272E-12,59.4524E-12,83.7301E-12,117.446E-12,163.460E-12,224.226E-12
812.831E3,29.8196E-12,42.1271E-12,59.4523E-12,83.7300E-12,117.446E-12,163.460E-12,224.225E-12
831.764E3,29.8196E-12,42.1270E-12,59.4523E-12,83.7299E-12,117.446E-12,163.460E-12,224.225E-12
851.138E3,29.8195E-12,42.1270E-12,59.4522E-12,83.7297E-12,117.445E-12,163.460E-12,224.225E-12
870.964E3,29.8195E-12,42.1269E-12,59.4521E-12,83.7296E-12,117.445E-12,163.459E-12,224.224E-12
891.251E3,29.8194E-12,42.1268E-12,59.4520E-12,83.7295E-12,117.445E-12,163.459E-12,224.224E-12
912.011E3,29.8194E-12,42.1268E-12,59.4519E-12,83.7294E-12,117.445E-12,163.459E-12,224.224E-12
933.254E3,29.8193E-12,42.1267E-12,59.4518E-12,83.7293E-12,117.445E-12,163.459E-12,224.224E-12
954.993E3,29.8193E-12,42.1267E-12,59.4517E-12,83.7292E-12,117.445E-12,163.458E-12,224.223E-12
977.237E3,29.8193E-12,42.1266E-12,59.4517E-12,83.7290E-12,117.444E-12,163.458E-12,224.223E-12
1.00000E6,29.8192E-12,42.1265E-12,59.4516E-12,83.7289E-12,117.444E-12,163.458E-12,224.223E-12
